,customer_id,prediction,probability
3160,4531-AUZNK,0,0.1645631759237849
1577,2296-DKZFP,0,0.036527610317096955
6823,9692-TUSXH,1,0.5564568971327014
3615,5129-JLPIS,0,0.38337163429334814
882,1273-MTETI,1,0.7068354578146595
6193,8757-TFHHJ,0,0.47394383921862704
908,1322-AGOQM,0,0.1760536154330338
510,0743-HRVFF,0,0.13133700334800197
644,0943-ZQPXH,0,0.39070937384291504
2761,3932-CMDTD,0,0.47503645092666696
4889,6892-BOGQE,0,0.009799405860117008
131,0224-HJAPT,0,0.49288542293410553
1673,2439-LYPMQ,1,0.5482442643817071
5623,7924-GJZFI,0,0.4911574469380131
559,0823-HSCDJ,0,0.2794458764938176
3401,4826-TZEVA,0,0.4028255581512878
3643,5151-HQRDG,0,0.1248929225064031
4792,6734-GMPVK,1,0.7096495660409166
2777,3951-NJCVI,1,0.5262399085129116
503,0733-VUNUW,0,0.12924604940256695
2497,3571-DPYUH,0,0.10929422216831924
6925,9824-QCJPK,0,0.01807292600091177
5595,7876-DNYAP,0,0.009643669261227375
2733,3890-RTCMS,0,0.23175086343481907
5379,7594-RQHXR,1,0.807540043218493
2259,3229-USWAR,0,0.11622619378713585
4252,5995-LFTLE,0,0.027423329554460883
1010,1456-TWCGB,0,0.39147014247144724
1065,1552-TKMXS,0,0.05287642917309023
2292,3276-HDUEG,1,0.7098877663258345
186,0302-JOIVN,1,0.7461727138724246
1952,2830-LEWOA,0,0.13716164654889434
4005,5649-TJHOV,0,0.22970951890718636
4163,5886-VLQVU,0,0.25568125963756777
962,1395-WSWXR,0,0.0059124926386522805
4623,6518-LGAOV,0,0.4372359144586536
3146,4514-GFCFI,1,0.5965008973556803
1118,1635-FJFCC,0,0.3855011807745462
5402,7611-YKYTC,0,0.2783707623831627
4121,5829-NVSQN,0,0.08284802775249277
264,0394-YONDK,0,0.024970622836551857
676,0991-BRRFB,0,0.20459572270493498
4237,5980-BDHPY,0,0.003307819286567486
5868,8249-THVEC,0,0.033340064479693864
3556,5039-LZRQT,0,0.04130759587801593
6440,9115-YQHGA,0,0.20299458960222017
5806,8174-LNWMW,0,0.016666319842931022
3555,5038-ETMLM,0,0.05965183277469507
4836,6815-ABQFQ,0,0.27762199656072306
5748,8086-OVPWV,1,0.7178469859095398
3878,5451-MHQOF,0,0.015302249283522156
1339,1991-VOPLL,0,0.10123474461035269
4777,6725-TPKJO,0,0.008897916199928127
6276,8879-ZKJOF,0,0.11488258174355481
2519,3597-YASZG,0,0.11213483739646767
2064,2969-WGHQO,0,0.2572473562019464
5680,8006-PYCSW,0,0.22554058910198096
2338,3347-YJZZE,0,0.22816401707172151
1150,1696-MZVAU,0,0.16404729741660634
4200,5931-FLJJF,1,0.5064496971554214
2403,3440-JPSCL,1,0.5270737566978908
5622,7923-IYJWY,0,0.10799453080277414
6155,8718-PTMEZ,0,0.368652122070259
40,0067-DKWBL,1,0.5769344369044835
4701,6625-IUTTT,0,0.027398317574920745
6099,8637-XJIVR,0,0.4712267700103714
1721,2509-TFPJU,0,0.021904128148289934
315,0464-WJTKO,0,0.011048551212296755
5893,8292-FRFZQ,0,0.060822864670643025
4854,6844-DZKRF,0,0.4418850312785705
2273,3249-ZPQRG,1,0.7155668421339625
5370,7580-UGXNC,1,0.5034207793204887
2123,3050-RLLXC,0,0.017162657927538884
393,0581-BXBUB,1,0.6590241043068644
6037,8552-OBVRU,0,0.3443015983011311
1645,2388-LAESQ,0,0.044545758635332444
3131,4488-PSYCG,0,0.09129422890394757
6638,9436-ZBZCT,1,0.527273708957317
1402,2074-GKOWZ,1,0.7102960805596412
6865,9753-OYLBX,0,0.3144504371552474
2124,3055-MJDSB,0,0.2666583675574363
4092,5781-RFZRP,0,0.010312002879090686
6869,9761-XUJWD,0,0.30039722074894537
73,0118-JPNOY,0,0.30326088039519017
6271,8874-EJNSR,0,0.011334520591527708
1982,2867-UIMSS,1,0.7877628336704936
7032,9975-GPKZU,0,0.017282664434213578
4324,6100-QQHEB,1,0.5711126154905007
2007,2896-TBNBE,0,0.2889516750779703
5230,7359-WWYJV,0,0.04052628560038953
4715,6646-JPPHA,0,0.4930670676432017
3943,5550-VFRLC,1,0.7904673864168293
1493,2202-CUYXZ,1,0.7717578121353162
5703,8035-PWSEV,1,0.5639859565607298
2588,3703-KBKZP,0,0.4767455300334239
3974,5599-HVLTW,1,0.581671802724953
3831,5382-TEMLV,0,0.08670645559391728
4492,6339-TBELP,0,0.06224228922546013
5123,7207-RMRDB,0,0.3621630980817624
1694,2469-DTSGX,0,0.1519664274705691
2591,3704-IEAXF,0,0.025928308119662565
4519,6368-TZZDT,0,0.07146226874725033
5069,7129-AZJDE,0,0.18062145987391112
4544,6407-GSJNL,0,0.020813099214531176
6465,9150-HEPMB,0,0.06748860735066167
1040,1506-YJTYT,0,0.022791061639634895
5076,7134-HBPBS,0,0.10997496166210763
2538,3635-QQRQD,0,0.009724600011204199
4641,6549-NNDYT,0,0.24478547626717528
6898,9796-BPKIW,1,0.5289140561354
5735,8069-YQQAJ,0,0.244614445029833
5865,8242-SOQUO,1,0.6917984399410195
2308,3308-DGHKL,0,0.021723641417008662
6174,8740-CRYFY,1,0.8066122952969461
5767,8109-YUOHE,0,0.09454218654704788
2795,3976-NLDEZ,0,0.3215970237455813
4431,6248-BSHKG,0,0.01839369829696006
2791,3970-XGJDU,0,0.014667252680543195
432,0634-SZPQA,0,0.23111937489249265
1772,2589-AYCRP,0,0.020465293230701592
2677,3800-LYTRK,0,0.12319199238739738
4652,6563-VRERX,0,0.015555240236726633
7005,9938-ZREHM,0,0.12454403039193906
1511,2220-IAHLS,0,0.2541098481302733
6340,8979-CAMGB,0,0.24675404038562387
169,0270-THENM,0,0.006940005303042531
6769,9611-CTWIH,1,0.6791615401321017
6283,8885-QSQBX,0,0.48635028105092487
6374,9030-QGZNL,0,0.024270038160941323
1935,2810-FTLEM,0,0.2273569251882588
4504,6350-XFYGW,1,0.7308504938985496
4971,6993-YGFJV,0,0.10586250186821737
2875,4097-YODCF,0,0.31524275882823827
247,0376-OIWME,0,0.40365504933967655
3543,5022-JNQEQ,1,0.5361155096943765
3917,5515-AKOAJ,0,0.3676578224625943
4938,6956-SMUCM,1,0.5692462837389486
3598,5103-MHMHY,1,0.5668931147085801
6606,9391-DXGGG,0,0.22233446970680099
5323,7519-JTWQH,0,0.12340822598977025
4347,6131-FOYAS,0,0.2132204039565114
6818,9681-OXGVC,1,0.7417064118747395
1329,1977-STDKI,1,0.7962976158325997
5191,7302-ZHMHP,0,0.29857810555322056
451,0661-XEYAN,1,0.5449483274177389
4266,6007-TCTST,0,0.055116510433153326
1142,1682-VCOIO,0,0.01743653273929068
1684,2454-RPBRZ,1,0.7015093103434975
6148,8710-YGLWG,1,0.5333454233924279
506,0742-LAFQK,0,0.1724543144377488
5026,7064-JHXCE,0,0.009724600011204199
5863,8242-JSVBO,0,0.28622535224379936
1019,1471-GIQKQ,1,0.5287891317876108
4820,6778-EICRF,0,0.09442913942046886
942,1360-XFJMR,0,0.15894227894069338
4049,5702-KVQRD,0,0.038224485724957916
5392,7602-MVRMB,0,0.06716513935218525
143,0236-HFWSV,1,0.6403479955753062
601,0880-FVFWF,0,0.3128411175635738
6386,9052-DHNKM,0,0.13018365425848832
4337,6121-TNHBO,0,0.09472610853260818
3285,4693-VWVBO,0,0.2565776756665857
1074,1565-RHDJD,1,0.6811977842798501
477,0696-UKTOX,0,0.24333255089293185
5882,8267-KFGYD,0,0.31045252540056706
1801,2632-TACXW,0,0.008126650004594303
1185,1744-JHKYS,0,0.07850890525940553
391,0578-SKVMF,1,0.514467436162356
457,0670-KDOMA,0,0.3454457324082878
5729,8065-BVEPF,0,0.33655531083779855
2306,3301-VKTGC,0,0.08380725074219718
5440,7660-HDPJV,1,0.7670039051978224
1964,2843-CQMEG,0,0.12509203214177633
4877,6870-ZWMNX,0,0.011255003581028496
972,1403-LKLIK,0,0.01807292600091177
1675,2446-BEGGB,1,0.7216013217293314
4368,6164-HAQTX,0,0.019485572891662247
2363,3387-VATUS,1,0.6817174714348956
2379,3407-JMJQQ,0,0.090853544570621
2503,3580-HYCSP,0,0.07498381869664446
3880,5453-AXEPF,0,0.3096872452067242
2900,4132-KALRO,1,0.5407326152160866
4614,6506-EYCNH,0,0.08176173992196127
4540,6400-BWQKW,0,0.49090076545956157
4912,6916-HIJSE,0,0.026187814024795177
3678,5186-PEIZU,0,0.08851085841913035
4293,6048-NJXHX,0,0.07348940929376259
4351,6134-KWTBV,0,0.008126650004594303
4462,6289-CPNLD,0,0.12872144975207522
3776,5312-UXESG,0,0.42595675285243983
1724,2514-GINMM,1,0.807540043218493
1764,2580-ASVVY,0,0.09541347813181293
4550,6416-JNVRK,0,0.12007711499435865
2629,3739-YBWAB,0,0.07310182860750203
4915,6917-YACBP,0,0.31485046357942237
6077,8614-VGMMV,0,0.28953969711606864
3674,5181-OABFK,0,0.037642477259975604
2068,2977-CEBSX,0,0.01370302708260491
1111,1624-NALOJ,1,0.6952941440105777
3906,5495-GPSRW,0,0.01960217531472357
4470,6303-KFWSL,0,0.15322335743915796
3988,5624-BQSSA,0,0.3114819371652729
4740,6681-ZSEXG,0,0.05506827665851333
6485,9185-TQCVP,1,0.6273325764803328
5886,8272-ONJLV,1,0.5131805737884494
2373,3398-ZOUAA,0,0.46637664715064486
6460,9140-CZQZZ,0,0.01604243409766952
4554,6418-PIQSP,0,0.012544200272550462
6790,9637-EIHEQ,0,0.41428270359805097
7015,9953-ZMKSM,0,0.01029996027377381
6929,9830-ECLEN,0,0.06822892993130683
6394,9058-CBREO,1,0.5628355357132372
3783,5321-NTRKC,0,0.06074045508053937
3253,4654-DLAMQ,0,0.12210175116644535
3270,4673-KKSLS,0,0.3304036675232287
699,1031-IIDEO,1,0.7560572083576115
2453,3512-IZIKN,0,0.012768297553775572
3095,4439-JMPMT,1,0.5843850687577199
22,0027-KWYKW,1,0.521766726502713
2999,4291-YZODP,0,0.05773754860255645
121,0212-ISBBF,0,0.2450681095001669
2102,3014-WJKSM,0,0.37736995870434165
279,0411-EZJZE,0,0.43912686892042985
4759,6698-OXETB,0,0.024707867620466676
109,0193-ESZXP,0,0.19025718857158658
4400,6202-JVYEU,0,0.10293119437953718
1249,1848-LBZHY,0,0.1829139271563476
5796,8161-QYMTT,1,0.7457244489732912
306,0454-OKRCT,0,0.14852052240944405
831,1215-EXRMO,0,0.007472464298280691
637,0931-MHTEM,0,0.16877436996371128
4244,5985-BEHZK,0,0.20711331781434747
6990,9921-EZKBY,0,0.2856281512762367
3440,4878-BUNFV,0,0.005047924908802042
3377,4811-JBUVU,0,0.2284137564339268
4024,5673-FSSMF,1,0.5000577694873061
3005,4301-VVZKA,1,0.5674810469032362
3406,4828-FAZPK,0,0.40665288969164104
4264,6000-UKLWI,0,0.008844152759067912
5246,7395-XWZOY,0,0.1627947645341962
4530,6380-ARCEH,0,0.3583158509604481
2622,3729-OWRVL,0,0.13062497658389874
1972,2856-HYAPG,1,0.7359292362001093
5581,7856-GANIL,0,0.2248547790021833
3111,4459-BBGHE,0,0.2613686659729037
6807,9661-JALZV,0,0.017602147053170022
5506,7753-USQYQ,0,0.1208081258392424
685,1015-JPFYW,0,0.05264950054808549
5446,7665-NKLAV,0,0.02777625692460957
6388,9053-EJUNL,0,0.4446096112610203
3604,5117-ZSMHQ,0,0.004628883207631407
72,0117-LFRMW,0,0.1175871425085176
6605,9389-ACWBI,1,0.5382597790550808
4933,6946-LMSQS,0,0.29886505390753093
1172,1725-MIMXW,0,0.31466071816952473
2808,3996-ZNWYK,0,0.017663874100341526
615,0899-WZRSD,0,0.18186551237434223
6233,8815-LMFLX,0,0.06343832473422503
479,0699-NDKJM,0,0.09802655577711811
1663,2424-WVHPL,1,0.6312617686754097
4828,6797-LNAQX,0,0.11745867088314092
1382,2043-WVTQJ,1,0.5023534602182872
2843,4057-FKCZK,0,0.11441063425360891
6021,8512-WIWYV,0,0.017957599125896503
3622,5135-GRQJV,0,0.04072121047468667
3972,5597-GLBUC,1,0.767981671937888
5675,7997-EASSD,0,0.09312803310794121
3354,4785-FCIFB,0,0.0062617622827763186
1191,1755-FZQEC,0,0.01843279197473123
3814,5364-XYIRR,0,0.453561398612901
5363,7572-KPVKK,0,0.18689059681152007
3602,5115-SQAAU,0,0.01125171066498449
4361,6147-CBCRA,0,0.059938573414609245
2582,3692-JHONH,0,0.32136808120362903
740,1088-CNNKB,0,0.09050808073573144
2686,3810-DVDQQ,0,0.055116510433153326
5561,7831-QGOXH,1,0.5482037963005291
2429,3474-BAFSJ,0,0.04042002365131837
2701,3842-IYKUE,0,0.2184334453711361
6026,8519-QJGJD,1,0.6033904075739879
6862,9747-DDZOS,1,0.7503297234361348
2880,4106-HADHQ,0,0.13091635406946367
11,0017-IUDMW,0,0.04195485702896098
3343,4763-PGDPO,1,0.6370193119844167
6186,8751-EDEKA,0,0.32398499191235347
2172,3104-OWCGK,0,0.22372397653554496
2199,3148-BLQJT,0,0.3494311161300611
1940,2815-CPTUL,1,0.533998549594675
3581,5073-WXOYN,0,0.2333705007070807
3341,4760-THGOT,0,0.4151782889965529
1878,2724-FJDYW,0,0.10916654828337086
5428,7639-OPLNG,0,0.013201093866085388
2304,3298-QEICA,0,0.04515744023131316
6586,9362-MWODR,0,0.14692629031533264
5278,7446-SFAOA,0,0.018451759542167906
3326,4737-AQCPU,0,0.008437809278481994
6705,9522-ZSINC,0,0.08090497242833655
2633,3745-HRPHI,0,0.031206468338845307
1831,2669-QVCRG,0,0.20174941957939502
671,0980-FEXWF,0,0.10399968318139338
4761,6701-YVNQG,0,0.0033987541936141815
808,1177-XZBJL,0,0.05949228510815898
5517,7771-CFQRQ,0,0.028454642051488715
1542,2252-JHJGE,0,0.270706144303263
448,0661-KBKPA,0,0.11768128728162676
6255,8851-RAGOV,0,0.088311557703528
4955,6979-TNDEU,0,0.10063189510483188
1400,2072-ZVJJX,0,0.011095460664984489
840,1222-KJNZD,0,0.051632515422910676
6595,9372-TXXPS,0,0.032559863066924044
4242,5982-PSMKW,0,0.037116379401000474
1712,2495-KZNFB,0,0.38116787549684955
119,0207-MDKNV,0,0.4594618270800659
927,1346-PJWTK,0,0.13788780864968841
2646,3758-CKOQL,0,0.1856263212958279
4939,6959-GQEGV,0,0.20178442676646838
1780,2604-IJPDU,0,0.43269248559433005
4380,6174-NRBTZ,0,0.08658350713786155
4481,6323-AYBRX,0,0.021769382417644347
31,0048-PIHNL,0,0.018366018285100802
5545,7811-JIVPF,0,0.18603464757007832
5490,7729-JTEEC,1,0.6416716673234423
4134,5846-ABOBJ,0,0.007701449836031302
6500,9221-OTIVJ,1,0.6563838020148641
2003,2889-FPWRM,0,0.17209430927079186
5636,7945-HLKEA,0,0.08441934604671111
6591,9367-TCUYN,0,0.09850612410907132
1567,2277-BKJKN,0,0.2697427798268252
5420,7633-MVPUY,0,0.07868607690681405
3015,4315-MURBD,0,0.49172870365539095
504,0734-OXWBT,0,0.33393030106914495
6152,8714-EUHJO,0,0.41423674652032516
555,0818-OCPZO,1,0.528078686249951
17,0021-IKXGC,1,0.7917966390316231
5945,8383-SGHJU,0,0.11186069439601763
4501,6347-DCUIK,0,0.46769557037672477
1328,1976-CFOCS,1,0.6021954424377381
3426,4854-CIDCF,1,0.692747248331554
6446,9127-QRZMH,0,0.07628690229969998
819,1196-AMORA,1,0.5937440253807063
4770,6713-OKOMC,0,0.23712060021678258
6917,9820-RMCQV,0,0.2344935757459127
4175,5902-WBLSE,0,0.01046701539369192
5355,7563-BIUPC,1,0.7079583346359763
5460,7683-CBDKJ,0,0.23003682206144851
4628,6522-OIQSX,0,0.05593544484431152
261,0388-EOPEX,1,0.5317312480284395
5620,7921-BEPCI,0,0.025440501625657298
6260,8859-DZTGQ,0,0.009084051748966903
2578,3683-QKIUE,0,0.2656479368741513
1453,2144-ESWKO,0,0.09349066863999733
3570,5057-RKGLH,0,0.02467102776272623
1857,2692-PFYTJ,0,0.2852217516873765
2105,3021-VLNRJ,0,0.0984623020488723
709,1045-LTCYT,0,0.10851187404669027
5252,7401-JIXNM,0,0.02299718019416051
1821,2657-VPXTA,1,0.6682959788741332
3544,5022-KVDQT,1,0.5041535397527176
1582,2305-MRGLV,0,0.27694792469742624
2715,3865-YIOTT,0,0.16433606917444848
6747,9577-WJVCQ,0,0.10998974067670746
2705,3847-BAERP,0,0.08375458415370007
2836,4032-RMHCI,0,0.09826292493308697
5439,7658-UYUQS,0,0.40704702273556015
6532,9274-UARKJ,0,0.46098896434797126
576,0847-HGRML,0,0.011473751380859758
4310,6078-VESFR,1,0.5417299437641558
2957,4223-WOZCM,1,0.554658601343573
643,0942-KOWSM,0,0.03385238540203892
5533,7789-HKSBS,0,0.20377508943180345
6635,9432-RUVSL,0,0.10806580798761171
2548,3644-QXEHN,1,0.6991624043030312
3277,4683-WYDOU,0,0.11938965084796507
629,0925-VYDLG,1,0.65723841176791
2057,2960-NKRSO,0,0.45280172633595744
1808,2639-UGMAZ,0,0.15760500064823058
2009,2898-LSJGD,0,0.15550099397840467
1998,2884-GBPFB,0,0.4397271911899924
3259,4659-NZRUF,1,0.5390280668721252
588,0867-LDTTC,0,0.3431065336246686
5526,7781-EWARA,0,0.12435150861131959
3395,4822-RVYBB,1,0.7222588825815391
6904,9800-OUIGR,0,0.009289817402508548
2469,3533-UVMOM,0,0.03140280285133506
5996,8457-XIGKN,0,0.06817614136466511
2086,2990-OGYTD,0,0.018646979125329192
3696,5203-XEHAX,0,0.13118595971239347
5898,8295-KMENE,0,0.01723848631866262
6156,8720-RQSBJ,1,0.606903185943285
6902,9799-CAYJJ,1,0.7132843365864696
2607,3717-OFRTN,0,0.3028834409409469
1984,2868-MZAGQ,1,0.807540043218493
6072,8606-OEGQZ,0,0.046653717482964735
6400,9065-ZCPQX,0,0.006878185013589242
3201,4587-NUKOX,1,0.5032212502728859
6346,8985-OOPOS,0,0.3670096592244719
5423,7636-OWBPG,0,0.3343889913624263
4117,5825-XJOCM,0,0.0670220419893091
2929,4183-WCSEP,0,0.421826788752638
3744,5275-PMFUT,0,0.009734270045351183
1188,1751-NCDLI,1,0.575400933274792
4754,6693-DJWTY,0,0.07886633337973689
2813,4002-BQWPQ,0,0.1295376946364809
4937,6954-OOYZZ,0,0.16696467912015975
6378,9039-RBEEE,0,0.14127231027377163
3658,5170-PTRKA,0,0.09039940422488027
5220,7346-MEDWM,0,0.3567765849640804
3722,5233-GEEAX,0,0.43600400479174906
2451,3511-APPBJ,0,0.1859710038866829
5086,7143-BQIBA,0,0.21695797929591007
2060,2967-MXRAV,0,0.19362692230222125
5294,7473-ZBDSN,0,0.026758971881697766
163,0265-EDXBD,0,0.45491419943336886
955,1386-ZIKUV,0,0.10525448061546293
283,0420-BWTPW,0,0.2595284275778256
682,1009-IRMNA,0,0.11415055232577678
2767,3938-YFPXD,0,0.0041370092271712285
2620,3727-OWVYD,0,0.0632634654059511
4204,5937-EORGB,1,0.5769600846559135
1916,2791-SFVEW,0,0.09994534420805326
672,0980-PVMRC,0,0.27612692925243915
2552,3648-GZPHF,0,0.09601634774476756
6815,9677-AVKED,0,0.12439222258543756
1083,1576-PFZIW,0,0.09280722440356196
6651,9462-MJUAW,0,0.38333924500846406
5318,7511-YMXVQ,0,0.43729616776568975
5067,7128-GGCNO,0,0.3947071957162146
5302,7492-TAFJD,0,0.12349560804832248
6290,8901-UPRHR,0,0.11167889871836828
3559,5044-XDPYX,0,0.014392557506605905
683,1010-DIAUQ,1,0.6904767310756259
1854,2691-NZETQ,1,0.6516464574209376
5372,7586-ZATGZ,0,0.4601545452403333
1222,1810-MVMAI,0,0.19562970250170852
5186,7296-PIXQY,1,0.5648352057410682
7036,9985-MWVIX,1,0.7096679575285042
5001,7028-DVOIQ,1,0.57571617029404
285,0420-TXVSG,0,0.030628742537972427
4936,6953-PBDIN,0,0.016228007747395568
743,1090-ESELR,0,0.05550991044864051
6293,8903-XEBGX,1,0.5298506230913935
6717,9541-PWTWO,0,0.031675975521730994
756,1099-BTKWT,0,0.12751516314973227
6227,8807-ARQET,0,0.26793997749155146
458,0673-IGUQO,0,0.31200362864460907
487,0709-TVGUR,1,0.6192655611064882
6529,9269-CQOOL,0,0.4661579679245045
5537,7798-JVXYM,0,0.2615597708331593
5327,7524-VRLPL,0,0.023839858213174456
6188,8752-IMQOS,0,0.08833759803004254
30,0048-LUMLS,0,0.1974882760182905
4548,6410-LEFEN,0,0.43729616776568975
3640,5149-TGWDZ,0,0.2767633130427388
3916,5514-YQENT,0,0.18884727893934947
2133,3063-QFSZL,1,0.5203926758535398
3110,4458-KVRBJ,0,0.009347480402898723
4707,6631-HMANX,0,0.011349268549946025
2137,3069-SSVSN,0,0.4365264594670598
3050,4366-CTOUZ,0,0.16425769573105808
3278,4685-ERGHK,0,0.2559727011789169
4076,5756-OZRIO,0,0.11393176874440143
2704,3845-JHAMY,0,0.27605601143386355
4203,5935-FCCNB,1,0.621723520332717
2423,3468-DRVQJ,0,0.2633247643006643
2506,3583-KRKMD,0,0.2898194763548409
1662,2419-FSORS,0,0.1635677190338461
938,1357-BIJKI,0,0.27719780327808335
3123,4480-QQRHC,1,0.6027290365095374
1091,1589-AGTLK,1,0.5891956958909159
6786,9631-XEYKE,0,0.4657795994155039
5312,7503-ZGUZJ,1,0.7219747646937954
2411,3452-FLHYD,0,0.047549163324370876
3709,5219-YIPTK,1,0.502739566658855
4217,5951-AOFIH,0,0.16618018498037956
2656,3774-VBNXY,0,0.00915319299406081
5929,8348-JLBUG,0,0.1033790571619201
267,0396-YCHWO,0,0.4799236358809816
3853,5419-JKZNQ,0,0.3953432265843608
6229,8808-ELEHO,1,0.6701003025945618
3495,4950-HKQTE,0,0.014288650212339573
4927,6933-FHBZC,0,0.09893862743767037
2211,3165-HDOEW,1,0.5668931147085801
6424,9097-ZUBYC,0,0.2425375523197873
1027,1482-OXZSY,0,0.32298890210885617
6320,8946-BFWSG,0,0.01029996027377381
2978,4256-ZWTZI,0,0.3406343488868132
3070,4393-OBCRR,0,0.1359939447413972
43,0074-HDKDG,0,0.08195002437222396
316,0468-YRPXN,0,0.31397152814667334
4985,7010-ZMVBF,0,0.047079408742654996
4126,5835-BEQEU,1,0.687202632326022
6867,9755-JHNMN,0,0.031165484823167014
5746,8084-OIVBS,0,0.042992085707877103
2837,4039-HEUNW,1,0.5600120766663623
2407,3446-QDSZF,0,0.4034201779732561
6960,9873-MNDKV,0,0.23822534907042273
4496,6341-JVQGF,0,0.10220730881771437
6261,8859-YSTWS,0,0.018337448325957954
1208,1777-JYQPJ,1,0.547825746512856
1852,2688-BHGOG,1,0.6598357617794615
5006,7032-LMBHI,0,0.061307393104393065
4265,6005-OBZPH,1,0.5806417859896367
5902,8311-UEUAB,0,0.12127959489929444
3504,4959-JOSRX,1,0.5395091265949303
3478,4927-WWOOZ,1,0.7404159355269063
3793,5334-JLAXU,0,0.16556617446236527
4480,6322-PJJDJ,0,0.29656150063268766
1847,2682-KEVRP,0,0.029621615457141835
4904,6905-NIQIN,1,0.5868733275778203
4745,6685-XSHHU,0,0.010224606028680007
4970,6993-YCOBK,0,0.15429020414832592
2731,3887-PBQAO,0,0.036788490418608995
3289,4697-LUPSU,0,0.14899925355501456
6652,9465-RWMXL,0,0.4255784947478265
2798,3981-QSVQI,0,0.10820105871681372
3105,4451-RWASJ,0,0.04671216495385643
1546,2256-YLYLP,0,0.017240288149919875
6830,9701-CDXHR,0,0.26885448585838057
4733,6664-FPDAC,0,0.27821018068152464
3805,5351-QESIO,1,0.553217982083103
2279,3258-SANFR,0,0.34918954479171516
2061,2968-SSGAA,1,0.7072001772472916
979,1421-HCERK,0,0.3563558050770946
5334,7534-BFESC,1,0.539072491812833
939,1357-MVDOZ,0,0.17972304968054598
6723,9548-LERKT,0,0.018615085921031792
3729,5244-IRFIH,1,0.511141313317145
5664,7982-VCELR,0,0.33918832472087546
4062,5727-MYATE,0,0.004964544611026509
5253,7401-RUBNK,0,0.4380781285162966
2809,3999-QGRJH,1,0.5977227472955299
1255,1853-UDXBW,1,0.7649276451983714
5272,7434-SHXLS,0,0.31046939236240556
4201,5934-RMPOV,1,0.5059229888592239
1030,1488-SYSFC,0,0.08626574744189447
5731,8065-YKXKD,1,0.5879101087984577
3866,5442-PPTJY,0,0.026180286508517798
2965,4236-UJPWO,1,0.6664880524052301
3730,5245-VDBUR,0,0.07724407120067739
6899,9796-MVYXX,0,0.1097833419235092
6694,9507-HSMMZ,0,0.013980875091975757
3952,5566-SOEZD,0,0.15196070291782682
1037,1498-NHTLT,0,0.047806022268122
6497,9214-EKVXR,1,0.5374697850545254
1275,1895-QTKDO,1,0.5261974768095218
4625,6519-CFDBX,1,0.6396914832997487
228,0354-WYROK,0,0.4237518073701192
1239,1837-YQUCE,0,0.01894141878640966
3335,4750-UKWJK,0,0.03767334471321066
5515,7766-CLTIC,0,0.26102079903996744
6814,9675-ICXCT,0,0.03886676214772214
2089,2996-XAUVF,0,0.02653518093479975
618,0906-QVPMS,0,0.0542939996106425
5326,7521-YXVZY,0,0.2134603363924956
5077,7134-MJPDY,0,0.16484181243217935
4307,6075-QMNRR,0,0.08055094713881202
192,0308-GIQJT,0,0.15778324279973088
2994,4290-BSXUX,1,0.5147527572789471
3423,4851-BQDNX,0,0.3014429642373194
5089,7148-XZPHA,0,0.31818800115928814
5708,8042-JVNFH,1,0.7135751221675174
5861,8237-ULIXL,0,0.01961344391303504
6420,9092-GDZKO,0,0.06782392559664649
4790,6734-CKRSM,0,0.20655769014123387
4192,5919-VCZYM,0,0.21997849494613678
2833,4026-SKKHW,0,0.37238024485685023
2371,3398-FSHON,1,0.6634143942355755
5283,7459-IMVYU,0,0.18448310605086607
4193,5921-NGYRH,0,0.1837630615518175
6129,8679-LZBMD,0,0.197139197938191
6507,9229-RQABD,0,0.021991528407706636
6700,9514-JDSKI,1,0.6261290768727165
5563,7838-LAZFO,0,0.07944674019899986
4771,6715-OFDBP,0,0.3867573041324475
5607,7895-VONWT,0,0.25666453478592155
4483,6328-ZPBGN,1,0.6198745843723831
3233,4631-OACRM,1,0.6392055438858939
6052,8573-JGCZW,0,0.04277075711273404
3847,5402-HTOTQ,0,0.27031874543263607
3505,4962-CHQPW,0,0.020739623231287307
579,0851-DFJKB,0,0.23279554796396076
3893,5478-JJVZK,0,0.11372634788233606
5289,7470-DYNOE,0,0.15731006553735416
2908,4139-JPIAM,0,0.13671482277025113
6612,9396-ZSFLL,0,0.21283695080299314
6093,8630-QSGXK,0,0.03419656188186769
1652,2400-XIWIO,0,0.03939371649418868
6801,9650-VBUOG,0,0.0293645277810734
2687,3810-PJUHR,0,0.009714770788971493
4222,5956-YHHRX,1,0.6038243457326781
6082,8622-ZLFKO,1,0.7270519554708276
6712,9531-NSBMR,0,0.028190379771080347
6977,9903-LYSAB,1,0.5336576515847026
1939,2812-SFXMJ,0,0.337838498958213
6206,8778-LMWTJ,0,0.46620379294652653
1836,2673-CXQEU,0,0.2965584220246515
4288,6036-TTFYU,0,0.12472621905793431
1423,2096-XOTMO,0,0.12664754809087117
5613,7905-NJMXS,0,0.27827705995256624
4357,6141-OOXUQ,0,0.32120122753962266
748,1093-YSWCA,0,0.036960790868229496
3323,4732-RRJZC,0,0.09978719483332504
3489,4942-VZZOM,0,0.10077611472672598
516,0750-EBAIU,0,0.23824595297900544
3457,4902-OHLSK,0,0.4317310297115368
4885,6885-PKOAM,0,0.005852472669049764
5634,7941-RCJOW,0,0.013463239302616774
6470,9158-VCTQB,0,0.31624751884400504
6955,9866-QEVEE,0,0.2898638018723975
2771,3946-JEWRQ,0,0.20039720890604085
3230,4628-CTTLA,0,0.23436473642401634
3467,4912-PIGUY,1,0.7749775091050131
5999,8465-SBRXP,0,0.1674626170358419
2750,3913-FCUUW,0,0.008252821286967865
6475,9170-ARBTB,0,0.010567863263663378
967,1400-MMYXY,1,0.7184668081018599
3320,4727-MCYZG,1,0.5548570391541985
248,0376-YMCJC,0,0.45661758355100013
6393,9057-SIHCH,1,0.7123785036727542
1373,2038-LLMLM,0,0.4138786686668391
1299,1930-QPBVZ,0,0.08516146306293397
4295,6048-UWKAL,0,0.09896496781541052
812,1184-PJVDB,1,0.6435017842555564
4720,6650-BWFRT,0,0.04195485702896098
5485,7721-DVEKZ,0,0.32120122753962266
5820,8191-XWSZG,0,0.014666607311476246
3985,5619-PTMIK,0,0.19917017465278722
5794,8158-WPEZG,0,0.3189582438047534
7031,9974-JFBHQ,0,0.18757418546018062
592,0870-VEMYL,0,0.2972515452361725
5251,7399-QHBJS,0,0.011135067363107883
2555,3654-ARMGP,0,0.017327217292342285
1016,1468-DEFNC,0,0.016351469129871093
4839,6818-WOBHJ,0,0.27683066882586715
3941,5546-QUERU,0,0.03985552617821939
5482,7717-BICXI,0,0.006799198324492368
3414,4836-WNFNO,0,0.020324774087858943
4115,5820-PTRYM,0,0.1067336241572106
1319,1963-SVUCV,1,0.6181877689651141
3387,4817-VYYWS,1,0.5172615106441604
3487,4939-KYYPY,0,0.21950929387558304
6453,9135-MGVPY,0,0.006948062931431833
1571,2282-YGNOR,0,0.08834881294707575
5895,8292-TYSPY,0,0.2116952999139876
5342,7548-SEPYI,1,0.7377641650559551
6351,8992-JQYUN,1,0.5369263352141131
4450,6270-OMFIW,0,0.24072398329342473
4560,6427-FEFIG,0,0.054975600718889
6314,8938-UMKPI,0,0.49701503896502985
415,0617-AQNWT,0,0.07609240285298954
108,0191-ZHSKZ,0,0.2736639837605027
4620,6513-EECDB,1,0.7962976158325997
6853,9734-YWGEX,1,0.5798138010700697
2288,3269-ATYWD,0,0.4566723771268253
5750,8089-UZWLX,0,0.1643790011778539
1034,1494-EJZDW,0,0.02661160015329862
3300,4706-DGAHW,1,0.6042591259175294
4021,5669-SRAIP,0,0.4918909729406468
1280,1902-XBTFB,1,0.5242922024347463
5204,7321-PKUYW,1,0.5209910368159337
960,1394-SUIUH,0,0.3050506273705375
362,0531-ZZJWQ,0,0.418702512059228
5028,7067-KSAZT,0,0.25408755412556333
3661,5172-RKOCB,0,0.04806133874250192
6944,9847-HNVGP,0,0.022788916607280676
1474,2180-DXNEG,1,0.6810084566833191
3619,5133-POWUA,1,0.5668931147085801
4254,5995-SNNEW,1,0.6028195500093352
5132,7225-IILWY,0,0.009714770788971493
4837,6817-WTYHE,1,0.5444956812561605
146,0239-OXEXL,0,0.20790491950135206
3072,4395-PZMSN,1,0.6949499550925347
5568,7845-URHJN,0,0.09880080576084353
3318,4724-WXVWF,0,0.3330918365838306
2108,3026-ATZYV,0,0.0803223269675095
4662,6581-NQCBA,0,0.26280429039520226
3919,5515-RUGKN,0,0.2850393821789703
3993,5628-RKIFK,0,0.31939277260465376
1937,2812-ENYMO,0,0.09145732142582803
6371,9027-YFHQJ,0,0.11091212507793805
6503,9225-BZLNZ,0,0.09677188205731102
2212,3166-PNEOF,0,0.015800353168506302
5754,8096-LOIST,0,0.256197197853557
3980,5606-AMZBO,0,0.4363165260599528
993,1442-OKRJE,0,0.14349266296404553
4749,6689-TCZHQ,1,0.6771901385671761
5101,7167-PCEYD,0,0.011594462835330652
2661,3780-DDGSE,0,0.22236046771457382
1826,2664-XJZNO,0,0.033138856781026106
6197,8766-PAFNE,0,0.012618443186629351
4110,5813-UECBU,0,0.41358191403929695
5159,7252-NTGSS,1,0.5463003651148848
4270,6015-VVHHE,1,0.6497936919471822
5051,7103-ZGVNT,0,0.07384187702371654
1138,1676-MQAOA,0,0.007211518346922575
6622,9411-TPQQV,0,0.07077970641065973
3158,4529-CKBCL,1,0.7178469859095398
1151,1697-BCSHV,0,0.12424174702991436
3262,4662-EKDPQ,0,0.48818599603694923
1257,1855-CFULU,0,0.1674449590707399
2752,3914-FDRHP,1,0.5559850036899071
3527,5003-OKNNK,0,0.049219494086363634
2746,3908-BLSYF,1,0.6948065386388999
1911,2786-GCDPI,0,0.384671942223723
5185,7295-JOMMD,1,0.5652253259423203
6764,9603-OAIHC,1,0.7808210096052352
1957,2834-JKOOW,0,0.11668051779286909
6210,8780-IXSTS,1,0.697786426846113
3159,4530-NDRKU,0,0.06500972166346887
1263,1866-RZZQS,1,0.5770888879833287
2169,3097-NQYSN,1,0.6391092006811805
373,0556-FJEGU,0,0.024560263903709294
5247,7396-VJUZB,0,0.4026615917718901
874,1265-ZFOSD,0,0.013877533605883794
6035,8548-AWOFC,0,0.1683881743483555
6118,8663-UPDGF,0,0.11515110398903605
642,0940-OUQEC,1,0.5837694020975993
3311,4716-MRVEN,0,0.0185518637298495
5665,7989-AWGEH,0,0.19919788320463241
6847,9728-FTTVZ,1,0.7670039051978224
1110,1623-NLDOT,0,0.10859470249981863
6941,9845-PEEKO,0,0.13035461992510552
5994,8455-HIRAQ,0,0.24827552568772127
4191,5919-TMRGD,1,0.807540043218493
3781,5318-YKDPV,0,0.021537225031252508
3120,4475-NVTLU,0,0.07242917590454871
764,1112-CUNAO,1,0.6294395776277306
2287,3266-FTKHB,0,0.025078278022107874
2951,4208-UFFGW,1,0.5396076814268459
1199,1766-GKNMI,0,0.4980956968475923
118,0206-TBWLC,0,0.2189330885517693
755,1098-TDVUQ,0,0.28578894301788865
2464,3524-WQDSG,0,0.45637574629815875
4863,6855-VLGOS,0,0.05627384966734457
5399,7609-NRNCA,0,0.036272022914989564
4746,6686-YPGHK,0,0.2678412686618145
940,1360-JYXKQ,0,0.25622784154319367
4396,6198-ZFIOJ,1,0.6757832556864352
4329,6108-OQZDQ,1,0.736997469381581
3149,4521-YEEHE,0,0.49567816830857675
6336,8972-HJWNV,1,0.6801994342575973
2886,4115-BNPJY,0,0.04790329212430721
2823,4013-GUXND,0,0.306289363383647
1547,2257-BOVXD,0,0.25812273355158905
6964,9881-VCZEP,0,0.2525442478554071
326,0485-ZBSLN,0,0.02098416039215686
3347,4770-UEZOX,1,0.684122847284828
2246,3209-ZPKFI,0,0.2589280312737976
5102,7168-HDQHG,0,0.0860938408459658
4473,6308-CQRBU,0,0.16315060943816506
6273,8878-HMWBV,1,0.5722232605017286
48,0082-LDZUE,1,0.5374697850545254
6461,9142-KZXOP,0,0.3189780132448974
5614,7905-TVXTA,0,0.30229046482371497
687,1016-DJTSV,1,0.5977227472955299
1260,1866-DIOQZ,0,0.04860320627243947
159,0259-GBZSH,1,0.7124186620492621
4236,5977-CKHON,0,0.3911696415903972
1557,2270-CHBFN,0,0.21370059585781054
6962,9878-TNQGW,1,0.7207464568090106
651,0953-LGOVU,0,0.26334005248547565
4972,6994-FGRHH,0,0.21642490618002758
2559,3658-KIBGF,1,0.5023351628434584
1839,2674-MLXMN,0,0.36041822834829185
124,0218-QNVAS,0,0.14305467775659253
6611,9392-XBGTD,0,0.007393539732011548
6791,9638-JIQYA,1,0.564454839823227
610,0895-LNKRC,0,0.05264950054808549
6,0013-SMEOE,0,0.07753254982198547
1079,1571-SAVHK,1,0.5191766113359823
5108,7180-PISOG,1,0.7622554412700913
6583,9360-AHGNL,0,0.2070113965777941
791,1154-HYWWO,0,0.06489025763832137
6032,8544-GOQSH,0,0.43570150392030443
3590,5089-IFSDP,0,0.1235387925730379
4926,6928-ONTRW,0,0.01305011801708336
6284,8887-IPQNC,0,0.25273672465761365
648,0947-IDHRQ,1,0.5684437464213836
5357,7566-DSRLQ,0,0.1533034057114997
5113,7188-CBBBA,0,0.21644792198340923
6054,8580-AECUZ,1,0.8228271677794651
397,0585-EGDDA,0,0.4314652034424523
3760,5296-PSYVW,0,0.05263655689737196
84,0135-NMXAP,1,0.5465369735855902
4766,6710-HSJRD,0,0.2804579225373135
1175,1729-VLAZJ,0,0.14036379232120785
5546,7812-FZHPE,0,0.04575053577407303
4155,5876-HZVZM,0,0.2356249587680652
3618,5131-PONJI,0,0.3272372738054355
4061,5726-CVNYA,0,0.028926451090730203
4148,5863-OOKCL,0,0.10495346332907139
2071,2982-IHMFT,1,0.6846207968550857
400,0595-ITUDF,0,0.26949649431809397
2782,3957-LXOLK,1,0.576875629771165
5450,7668-XCFYV,1,0.5856351339964043
5376,7593-JNWRU,0,0.30298419271137356
963,1396-QWFBJ,0,0.3437333477844068
2186,3132-TVFDZ,0,0.2777524651303156
1240,1839-FBNFR,0,0.017445214674273492
6142,8705-WZCYL,1,0.6123149986633348
4944,6963-EZQEE,0,0.019484530546132653
1281,1904-WAJAA,0,0.12215169109150371
2618,3727-JEZTU,0,0.32460294410032303
813,1187-WILMM,0,0.018271885259603604
849,1229-RCALF,0,0.20535566593385346
878,1270-XKUCC,0,0.019981434496402103
6510,9236-NDUCW,0,0.03641461888384067
3114,4465-VDKIQ,1,0.5391107677324912
5683,8008-HAWED,0,0.29592813391007494
5281,7450-NWRTR,1,0.6989512485222779
4788,6732-VAILE,0,0.011586232008005428
3962,5575-GNVDE,0,0.05848688152337572
6864,9752-ZNQUT,1,0.6055634940257946
2415,3454-JFUBC,0,0.0174464827959937
4545,6407-UTSLV,1,0.6936756737369489
4729,6656-JWRQX,0,0.4196549961048184
3525,4999-IEZLT,0,0.11189512811528242
619,0907-HQNTS,0,0.0764593808793636
5375,7590-VHVEG,1,0.6425767533542553
718,1060-ENTOF,0,0.17780220287820495
2416,3457-PQBYH,0,0.012927951965282252
3986,5619-XZZKR,0,0.09072549484392783
3946,5555-RNPGT,0,0.11481503803910621
530,0780-XNZFN,0,0.010925232691777743
2356,3374-LXDEV,1,0.5271451144288887
3620,5133-VRSAB,0,0.2346757221309173
6604,9388-ZEYVT,0,0.12121170328991637
6981,9909-DFRJA,0,0.21979342386467907
6053,8577-QSOCG,0,0.008844152759067912
1447,2137-DQMEV,0,0.06905981898205095
2981,4274-DRSQT,0,0.10711725706819841
1899,2758-RNWXS,0,0.2494167750110695
4023,5671-UUNXD,0,0.29709427288382906
148,0247-SLUJI,0,0.33611097776840493
6987,9919-FZDED,0,0.0438844873048613
4129,5840-NVDCG,0,0.08517972623059789
3148,4521-WFJAI,0,0.022769155493522236
6950,9860-LISIZ,0,0.057582895387704676
5495,7734-DBOAI,0,0.4473759851001992
35,0057-QBUQH,0,0.06130098839641963
4467,6298-QDFNH,1,0.5020354423390612
1193,1757-TCATG,0,0.019919810032048475
4851,6838-YAUVY,0,0.12749744744328823
1627,2369-FEVNO,0,0.3492647222130063
801,1169-WCVAK,0,0.22740153918665074
6038,8559-CIZFV,0,0.09619986660070357
6405,9068-VPWQQ,0,0.02319458909519644
4638,6543-XRMYR,1,0.5766388791574891
6158,8722-PRFDV,0,0.0259982082881509
4421,6233-HXJMX,0,0.3202129251993795
6811,9668-PUGNU,0,0.05263655689737196
5031,7074-IEVOJ,1,0.7234458920587491
2446,3506-OVLKD,0,0.04238977148790442
2806,3992-YWPKO,0,0.49924630875646353
2182,3128-YOVTD,0,0.1893665732924561
5241,7389-KBFIT,1,0.551461070317761
3222,4622-YNKIJ,0,0.19214608815696846
2659,3778-FOAQW,0,0.021301842422195048
2196,3146-JTQHR,0,0.05335767193668306
2770,3945-GFWQL,0,0.35998161711012755
2803,3987-KQDDU,0,0.45905581641685095
4429,6243-OZGFH,0,0.2627386484466614
5552,7817-BOQPW,1,0.7040330110599107
5950,8388-FYNPZ,0,0.4038195811785245
3297,4703-MQYKT,0,0.018021589234137488
2299,3284-SVCRO,0,0.013464014738684898
6251,8847-GEOOQ,0,0.14194876424300482
6750,9581-GVBXT,0,0.08971345150538929
5930,8350-NYMVI,0,0.15669736987973015
4507,6352-TWCAU,0,0.4347277004245268
5711,8044-BGWPI,0,0.11608969284415199
4125,5834-ASPWA,1,0.7675903855753741
4162,5884-GCYMI,1,0.7081088074669144
5616,7909-FIOIY,0,0.17373039068854218
5021,7055-JCGNI,0,0.08623263963827986
1131,1658-XUHBX,0,0.3019034531029895
3968,5590-BYNII,1,0.5075781733061322
4624,6518-PPLMZ,0,0.029161906815965956
6924,9824-BEMCV,0,0.48820739756436227
1224,1813-JYWTO,0,0.04315947892580351
3038,4350-ZTLPI,0,0.21938000638036442
6693,9507-EXLTT,1,0.7281958263423677
4083,5766-XQXMQ,0,0.10139654467734813
62,0106-UGRDO,0,0.11882489181932797
2979,4257-GAESD,0,0.3440994156782222
4743,6683-VLCTZ,1,0.6473803462238
663,0970-ETWGE,1,0.7668938880161653
6128,8679-JOEVF,0,0.24763569423176549
3445,4883-QICIH,0,0.3072700535189582
5093,7156-MXBJE,0,0.13050104627005443
5126,7216-EWTRS,1,0.8211453207541544
2351,3370-HXOPH,1,0.688813866620183
6328,8963-JLGJT,0,0.39733705668857605
1102,1602-IJQQE,1,0.6771196306528234
2667,3791-LGQCY,0,0.38349052763467056
2977,4255-DDUOU,0,0.3144504371552474
2435,3487-EARAT,0,0.0774164706774809
2012,2903-YYTBW,1,0.6183667107527828
4034,5688-KZTSN,0,0.12646990285279341
2989,4282-YMKNA,1,0.5847544474614838
6315,8942-DBMHZ,0,0.08110992736192443
5755,8097-OMULG,0,0.10532307918508894
4048,5701-ZIKJE,0,0.26094707740815815
2195,3144-KMTWZ,0,0.24957560870553894
3376,4808-YNLEU,0,0.06405274331929882
1521,2232-DMLXU,1,0.5644687697518791
1303,1934-SJVJK,0,0.35117024656484375
5822,8197-BFWVU,0,0.01079251925586499
3612,5126-RCXYW,0,0.030118651931293473
4256,5996-DAOQL,0,0.31200362864460907
23,0030-FNXPP,0,0.23295333207304506
3143,4510-PYUSH,0,0.1845199531481675
4479,6322-HRPFA,0,0.14094362055660117
1392,2057-ZBLPD,1,0.5148881050868481
5916,8329-GWVPJ,0,0.32830750772334283
2703,3845-FXCYS,0,0.2705251098252462
6681,9497-QCMMS,1,0.8267457814589828
732,1080-BWSYE,0,0.03140863149852899
3920,5519-NPHVG,1,0.6800884964054663
3574,5063-IUOKK,0,0.026448648828221663
5991,8450-LUGUK,0,0.011765406923922354
5403,7613-LLQFO,1,0.6158493077223628
2203,3158-MOERK,1,0.7403334503201324
670,0979-PHULV,0,0.2787455949745258
4028,5680-LQOGP,0,0.010293191150076913
6080,8620-RJPZN,0,0.31250586054382423
3066,4390-KYULV,0,0.16497132382721272
1103,1608-GMEWB,0,0.4653971206446066
2537,3635-JBPSG,0,0.13191866181880518
3937,5542-NKVRU,0,0.01098990323236825
5010,7037-MTYVW,0,0.030432832331803793
7040,9992-UJOEL,1,0.5640871738769715
2080,2987-BJXIK,0,0.03166906272964422
349,0516-QREYC,0,0.08286026900859246
5466,7693-LCKZL,1,0.703669316546801
4603,6486-LHTMA,0,0.29442711649487924
2389,3419-SNJJD,0,0.23912961825773726
2788,3967-VQOGC,0,0.009633194688613008
3802,5348-CAGXB,1,0.6286240810102117
4702,6625-UTXEW,0,0.2886820169199338
1828,2667-WYLWJ,0,0.04690067543891181
6916,9819-FBNSV,0,0.439173171920408
354,0519-XUZJU,1,0.7086472722396674
6918,9821-BESNZ,0,0.24670494908237228
3516,4986-MXSFP,0,0.21997849494613678
107,0191-EQUUH,0,0.06155586438048162
3260,4660-IRIBM,0,0.2790637561493591
5753,8095-WANWK,0,0.2776754237007048
6687,9501-UKKNL,0,0.1685352024623575
6820,9688-YGXVR,0,0.3150921059554679
1104,1612-EOHDH,1,0.6181877689651141
4065,5730-RIITO,0,0.2257676902852031
120,0208-BPQEJ,0,0.13248539563936357
857,1241-FPMOF,0,0.020827141413695394
1333,1984-FCOWB,0,0.23538543646908988
5011,7041-TXQJH,0,0.21930968000840656
3425,4853-RULSV,0,0.05909538385388934
5160,7253-UVNDW,0,0.04732759183998944
2470,3536-IQCTX,0,0.46603357596480705
7008,9943-VSZUV,0,0.2724281063238825
6417,9089-UOWJG,0,0.22932169279474995
1680,2452-KDRRH,0,0.36316084977477286
5385,7598-UAASY,1,0.7246422572903536
3617,5130-YPIRV,0,0.040419560212024586
5977,8429-XIBUM,0,0.3483694121201985
4050,5702-SKUOB,0,0.15336132010801612
2601,3716-BDVDB,1,0.7592198370039139
6119,8665-UTDHZ,1,0.648126320695127
5566,7841-FCRQD,0,0.10437531616074987
3459,4903-UYAVB,0,0.13640011069970265
3614,5129-HHMZC,0,0.015756745718318976
4577,6458-CYIDZ,1,0.5158116082496729
6408,9073-ZZIAY,0,0.0468720744136179
2378,3404-JNXAX,0,0.3488040381235622
4338,6121-VZNQB,0,0.29857810555322056
2569,3672-YITQD,0,0.4666061537795845
4613,6505-OZNPG,0,0.10920629865515999
178,0289-IVARM,0,0.21105966318251024
96,0164-XAIRP,0,0.0322769056508659
5179,7284-BUYEC,0,0.34999526603960496
1726,2516-XSJKX,0,0.09002483437735571
5781,8138-EALND,0,0.1312486886739099
4461,6288-LBEAR,0,0.2670639571417416
2709,3858-VOBET,1,0.5129326368900201
5908,8316-BBQAY,0,0.024102058291032975
5706,8040-MNRTF,1,0.7135751221675174
6163,8731-WBBMB,0,0.14964043636931934
2532,3627-FCRDW,1,0.5679780574419354
5083,7139-JZFVG,0,0.030104631196560518
5802,8167-GJLRN,0,0.40341863633281
5603,7890-VYYWG,0,0.470331053128397
6603,9386-LDCZR,0,0.15806015258314787
3494,4950-BDEUX,0,0.24557149090086372
2744,3902-MIVLE,0,0.017272414890091195
783,1139-WUOAH,0,0.032873671253936886
4246,5986-WWXDV,0,0.02791418929488987
3379,4815-GBTCD,1,0.5660075262834345
2480,3549-ZTMNH,0,0.039627573291167575
3446,4884-LEVMQ,0,0.011049783471889209
3852,5419-CONWX,1,0.6829291180366809
6076,8612-GXIDD,0,0.046019305578990595
3079,4412-YLTKF,1,0.5282730807768666
375,0559-CKHUS,0,0.02262450432979452
1348,2004-OCQXK,1,0.780536471323618
4052,5707-ZMDJP,0,0.015605935171057041
4903,6904-JLBGY,0,0.040182224399981224
2574,3678-MNGZX,0,0.011393378798503653
6935,9838-BFCQT,0,0.009714770788971493
1312,1951-IEYXM,0,0.004964544611026509
608,0895-DQHEW,0,0.4495117075537218
2402,3439-GVUSX,1,0.553217982083103
4435,6253-GNHWH,0,0.007242977028292855
1610,2346-DJQTB,0,0.28612248835422166
4229,5968-HYJRZ,0,0.006806485488643635
2549,3645-DEYGF,0,0.306289363383647
928,1346-UFHAX,0,0.41348946603806414
2442,3500-NSDOA,0,0.011721513099772677
2624,3733-UOCWF,0,0.11013645817918738
3007,4304-TSPVK,0,0.10200733042648141
78,0128-MKWSG,0,0.10544210236028428
1621,2361-FJWNO,0,0.12523138987190607
2664,3785-NRHYR,0,0.32120122753962266
4555,6419-ZTTLE,0,0.09979141373425865
1953,2831-EBWRN,1,0.5706870921123707
3096,4439-YRNVD,0,0.3423768731594027
788,1150-FTQGN,0,0.11745977460176071
384,0567-XRHCU,0,0.038332863132751464
6114,8659-HDIYE,0,0.1615342643278514
1070,1561-BWHIN,0,0.020537202719820406
1128,1657-DYMBM,0,0.018543740428846444
2372,3398-GCPMU,0,0.015570527429234579
4859,6849-OYAMU,0,0.2810834533094587
4176,5906-BFOZT,0,0.3161970867528731
853,1237-WIYYZ,0,0.1007848873978375
3063,4385-GZQXV,0,0.48139189364335006
1775,2592-YKDIF,0,0.3312006667913765
2067,2974-GGUXS,0,0.44234538169414994
1480,2188-SXWVT,0,0.05743577216055528
5666,7989-CHGTL,0,0.32120122753962266
2083,2988-QRAJY,0,0.08873315519764413
6615,9399-APLBT,1,0.7621768249178901
6789,9637-CDTKZ,0,0.03809150299169389
5020,7055-HNEOJ,0,0.35061579609011445
1634,2378-HTWFW,0,0.2950736290931671
95,0164-APGRB,0,0.10039043618223233
3909,5499-ECUTN,0,0.0987983109273655
6773,9618-LFJRU,0,0.1380981842639214
2909,4139-SUGLD,0,0.13688661049535686
2140,3070-FNFZQ,0,0.02168032676902904
1907,2777-PHDEI,1,0.8015852008359172
1962,2842-BCQGE,0,0.3805538593666969
4902,6901-GOGZG,0,0.04253028697400438
2076,2984-RGEYA,0,0.020816411128763118
1738,2530-ENDWQ,0,0.11423542985490201
6123,8671-KKKOS,0,0.19288072307013468
5786,8148-NLEGT,0,0.05629670809324442
1276,1897-OKVMW,0,0.0170539102961932
3384,4816-OKWNX,0,0.22623964417543746
2927,4182-BGSIQ,0,0.10993456587890252
4526,6376-GAHQE,1,0.7115787468958673
5874,8260-NGFNY,1,0.5490864816568455
5856,8229-TNIQA,0,0.4026615917718901
1529,2236-HILPA,0,0.010141315342900642
150,0248-PGHBZ,0,0.06924311390245184
544,0804-XBFBV,0,0.3566895074978968
241,0369-ZGOVK,0,0.22647662956906953
5609,7901-HXJVA,1,0.6111858752201251
1528,2235-ZGKPT,0,0.39031563389735296
2751,3913-RDSJZ,0,0.010456210273773808
6794,9643-AVVWI,1,0.5762368743563913
5788,8149-AIQCG,0,0.4043359444593685
6308,8922-NPKBJ,0,0.02038854401933792
3193,4576-CSAJH,0,0.12877900043006635
770,1121-QSIVB,0,0.145710738823329
2597,3712-PKXZA,0,0.012917196303135663
3302,4707-YNOQA,0,0.03564418786126296
3047,4361-FEBGN,0,0.013168792953126972
201,0318-QUUOB,1,0.7832512186796697
4659,6576-FBXOJ,0,0.17569343736709328
1701,2479-BRAMR,0,0.29143190586698786
2640,3752-CQSJI,0,0.08110992736192443
4498,6345-FZOQH,0,0.010750215047720032
5168,7270-BDIOA,0,0.45771160205254674
6064,8593-WHYHV,1,0.6783900039165327
3820,5372-FBKBN,0,0.044853085715059846
2835,4030-VPZBD,0,0.4445707459842212
4815,6772-KSATR,1,0.6127436942197971
41,0068-FIGTF,0,0.13621032532009233
4311,6080-LNESI,0,0.011663406551816004
1161,1705-GUHPV,0,0.0062617622827763186
2959,4227-OJHAL,0,0.11881859071304302
567,0835-JKADZ,0,0.1535973680384809
2663,3785-KTYSH,0,0.010961979253226135
6437,9114-AAFQH,0,0.1614970415412638
5395,7605-SNLQG,0,0.17885578780084124
2132,3062-ICYZQ,0,0.4044101656501784
5276,7445-WMRBW,0,0.11312451133898377
6711,9530-GRMJG,0,0.05612132919694691
823,1205-WNWPJ,0,0.24855650081985142
5970,8413-VONUO,1,0.7413334503201325
4563,6434-TTGJP,0,0.11865880620320698
4782,6728-DKUCO,0,0.2292638390287748
1725,2516-VQRRV,1,0.6214407615559155
5198,7315-WYOAW,1,0.5640235374124613
5307,7501-VTYLJ,1,0.5688422017148995
1893,2749-CTKAJ,0,0.021667696080731623
3733,5248-YGIJN,0,0.0033987541936141815
1473,2178-PMGCJ,0,0.2913110303557121
6557,9314-IJWSQ,1,0.6252910785046243
3033,4338-EYCER,0,0.14496103099748653
5057,7109-MFBYV,0,0.26106585074887173
2320,3318-NMQXL,1,0.7058261857468169
103,0186-CAERR,0,0.17700709996846625
3430,4860-IJUDE,0,0.42634628554934856
2309,3308-JSGML,0,0.03707508630747424
6710,9530-EHPOH,0,0.2802425914085587
4472,6305-YLBMM,0,0.15685633509873775
2262,3230-WYKIR,0,0.15021537144818184
7011,9945-PSVIP,0,0.02377521720857586
5486,7721-JXEAW,0,0.14761752019731197
2621,3727-RJMEO,1,0.7071755217574933
1520,2230-XTUWL,0,0.021649098636501506
3587,5084-OOVCJ,0,0.173706239184554
5885,8270-RKSAP,1,0.5653113907752687
6057,8584-KMVXD,1,0.6366687805696153
4130,5842-POCOP,0,0.47983943256902156
1929,2805-AUFQN,0,0.02367945700697817
5196,7312-XSBAT,0,0.49257676760338
3514,4983-CCWMC,1,0.5311339317300575
545,0804-YGEQV,0,0.02328016443396885
1164,1709-EJDOX,0,0.016958333348811257
1568,2277-DJJDL,0,0.3007530484161279
6656,9470-XCCEM,0,0.30727891460964757
2257,3224-DFQNQ,0,0.14130930202640365
5321,7517-LDMPS,1,0.6158493077223628
6120,8668-KNZTI,0,0.13042233403486153
5834,8207-DMRVL,0,0.0542939996106425
4451,6275-YDUVO,1,0.6426680707893004
372,0550-DCXLH,0,0.2538890770571488
3049,4365-MSDYN,0,0.10616062165090975
6953,9863-JZAIC,0,0.12265414119546189
5117,7197-VOJMM,0,0.016653103065179756
734,1084-UQCHV,1,0.7426446292518618
6535,9279-CJEOJ,0,0.47808177672988605
67,0112-QWPNC,0,0.09422042437764361
6423,9095-HFAFX,1,0.6159156256180749
6270,8873-TMKGR,0,0.03394611257325696
1978,2862-PFNIK,1,0.647647539873133
5673,7996-BPXHY,0,0.047806744165536326
2374,3399-BMLVW,0,0.0202376730767042
6447,9128-CPXKI,0,0.2824698996131415
4120,5828-DWPIL,0,0.2766637316876
5653,7969-AULMZ,1,0.5738293319712157
1779,2603-HVKCG,1,0.5114493008768376
620,0909-SDHNU,0,0.24818112027968375
6476,9170-CCKOU,0,0.2846628539645643
2863,4080-OGPJL,0,0.2825511805553757
5413,7623-TRNQN,0,0.41595312348762936
4705,6629-LADHQ,1,0.5154273321946368
3252,4652-ODEVH,0,0.006806485488643635
6952,9862-KJTYK,0,0.24761448830484872
2764,3934-HXCFZ,1,0.5151045719830752
3083,4419-UJMUS,0,0.17923390451345855
5213,7336-RLLRH,0,0.09884544506799273
2553,3649-JPUGY,0,0.016406001481473687
4678,6599-GZWCM,0,0.3706786287366088
1072,1564-HJUVY,0,0.3172008271675573
6490,9199-PWQVC,0,0.11402090219951817
5396,7606-BPHHN,0,0.009643669261227375
3017,4317-VTEOA,1,0.5438680018807799
2131,3061-BCKYI,0,0.10272873888506742
5481,7716-YTYHG,0,0.20989793551875954
2344,3352-RICWQ,0,0.029288137737311395
181,0295-QVKPB,0,0.31999190054999593
1198,1764-VUUMT,0,0.009289817402508548
4248,5989-OMNJE,0,0.13467936492345906
2270,3247-MHJKM,0,0.3583158509604481
7029,9972-NKTFD,0,0.15207124423715568
1617,2359-KLTEK,0,0.3870626501975295
6508,9231-ZJYAM,1,0.6885429287617035
3408,4829-ZLJTK,0,0.16234098159667515
710,1047-NNCBF,0,0.3837166851880326
4583,6465-GSRCL,0,0.15750322406064732
5891,8286-AFUYI,1,0.5490325771365752
2159,3092-IGHWF,0,0.20282361207096863
369,0541-FITGH,0,0.46733949118053986
1495,2203-GHNWN,0,0.3155910791983027
5642,7954-MLBUN,0,0.20005274871248266
1840,2675-DHUTR,1,0.5119585172420518
5557,7824-PANSQ,0,0.16013182599334658
6225,8805-JNRAZ,1,0.5571132503792974
262,0390-DCFDQ,1,0.6855835822469318
2756,3923-CSIHK,0,0.4537000506073726
6738,9570-KYEUA,0,0.07616112140608827
729,1075-BGWOH,1,0.663903055654171
4604,6490-FGZAT,0,0.08302142904211537
1290,1921-KYSAY,0,0.13382113932049527
4787,6732-FZUGP,0,0.12852884327351435
1270,1877-HKBQX,0,0.1307790433583346
6922,9822-WMWVG,0,0.346957261325872
600,0877-SDMBN,0,0.2163183700089203
5453,7672-VFMXZ,0,0.17284994807069412
3477,4926-UMJZD,0,0.12157372486538125
3439,4877-TSOFF,0,0.08438784727318722
6609,9391-TTOYH,0,0.10165379577990379
4725,6653-CBBOM,1,0.7474606198302304
5345,7551-DACSP,0,0.20976834208675568
126,0219-YTZUE,1,0.6783302629123288
635,0929-PECLO,0,0.27883308176442034
6692,9506-UXUSK,1,0.5713365134289732
5243,7394-FKDNK,1,0.6630423848656456
2673,3797-FKOGQ,1,0.6233773407129433
3976,5600-PDUJF,0,0.29275430969641447
4616,6507-ZJSUR,1,0.552297609918867
3934,5539-HIVAK,0,0.07155331274850298
4858,6848-YLDFR,0,0.10593573066196457
3101,4446-BZKHU,0,0.3924901578667721
304,0447-BEMNG,0,0.09526098956486216
2690,3813-DHBBB,0,0.021302582520293226
5499,7742-MYPGI,0,0.271324774241656
1563,2274-XUATA,0,0.02445536716525338
4724,6652-YFFJO,0,0.25324588738684584
3531,5012-YSPJJ,0,0.14449302115429202
2037,2931-SVLTV,0,0.2964100562002146
4581,6463-MVYRY,0,0.044838405791478735
4564,6435-SRWBJ,1,0.5834552177187161
4905,6906-ANDWJ,0,0.4643151196780921
3226,4625-XMOYM,0,0.01125171066498449
6329,8963-MQVYN,0,0.08498960602273042
1272,1891-QRQSA,0,0.10486973992427073
2156,3090-LETTY,0,0.44035249517418734
950,1376-HHBDV,0,0.12660235419904461
5518,7771-ZONAT,0,0.04475876579418475
410,0608-JDVEC,0,0.07202415354582435
2027,2925-MXLSX,0,0.12495600046403547
4524,6374-AFWOX,0,0.013182113066927499
773,1125-SNVCK,0,0.20126980553757662
4806,6762-NSODU,0,0.017035335619387436
2354,3373-DIUUN,0,0.007272770356962165
2877,4102-HLENU,0,0.03307858412334309
2337,3346-BRMIS,0,0.30778889394291
3006,4302-ZYFEL,0,0.011864564724188294
3698,5204-QZXPU,0,0.27332711182445657
6754,9588-OZDMQ,1,0.6381311996118054
2600,3714-XPXBW,0,0.15024783863027297
4084,5766-ZJYBB,0,0.30809786295497515
436,0637-YLETY,0,0.40403325072111185
786,1142-WACZW,0,0.4226403140138234
1565,2276-YDAVZ,1,0.6360206740241026
3518,4988-IQIGL,1,0.8056730131923281
2866,4083-EUGRJ,0,0.08754456260297609
1930,2805-EDJPQ,0,0.1457040920541003
6618,9402-ROUMJ,0,0.15337157939249585
293,0431-APWVY,0,0.17746264233195563
4209,5944-UGLLK,0,0.11048769270928953
3845,5397-TUPSH,0,0.172819093171358
2483,3551-HUAZH,1,0.7991750104686152
6880,9774-NRNAU,0,0.1879970938407161
6691,9505-SQFSW,0,0.4497679211547908
6914,9817-APLHW,0,0.11159529257079118
1042,1513-XNPPH,1,0.5209910368159337
2625,3733-ZEECP,0,0.23652731185890188
1862,2697-NQBPF,0,0.4173389539186326
2531,3623-FQBOX,0,0.060457046582218954
6910,9805-FILKB,0,0.022362368698197285
5134,7228-PAQPD,0,0.174703908058664
521,0757-WCUUZ,0,0.053510302008961015
2883,4111-BNXIF,0,0.08179455444102171
4395,6198-RTPMF,1,0.5711126154905007
636,0930-EHUZA,0,0.07961211717873987
5329,7526-IVLYU,0,0.21365830713444417
2412,3452-GWUIN,1,0.6203857527913346
5958,8400-WZICQ,0,0.21111825368709097
2976,4254-QPEDE,0,0.0217341189987302
691,1023-BQXZE,0,0.03927525999943116
3653,5161-XEUVX,0,0.1662952924986493
2974,4250-WAROZ,0,0.30423542627257816
3086,4423-YLHDV,0,0.361753471458866
6631,9424-CMPOG,0,0.027439189337021462
507,0742-MOABM,0,0.3470846950389727
5474,7706-DZNKK,0,0.09908361976798906
1882,2729-VNVAP,0,0.013590505796912296
5963,8404-GFGCZ,0,0.4107070150068422
3032,4335-UPJSI,0,0.018615085921031792
3051,4367-NHWMM,1,0.553217982083103
6092,8630-FJLIB,1,0.5029678305297337
6211,8780-RSYYU,0,0.07305129713630834
4899,6899-PPEEA,1,0.5622556664099521
528,0774-RMNUW,0,0.01275789744172208
1323,1965-DDBWU,0,0.31766172800857384
2249,3212-KXOCR,0,0.016493392663457004
277,0409-WTMPL,0,0.19593263896200652
589,0867-MKZVY,0,0.4148580343867882
5549,7814-LEEVE,0,0.2970632277929546
5602,7883-ROJOC,0,0.1551904621777448
3398,4825-FUREZ,0,0.06594456727998041
3787,5325-UWTWJ,0,0.21030949405981317
2534,3629-WEAAM,0,0.23601705026476005
2336,3345-PBBFH,0,0.2296466313355112
2111,3030-YDNRM,1,0.6133306629893404
1876,2722-JMONI,1,0.5360415068022034
3282,4690-LLKUA,0,0.322318425538013
3018,4318-RAJVY,0,0.04315549469063558
3819,5371-VYLSX,0,0.36930191057632145
5331,7529-ZDFXI,0,0.3953675579611604
450,0661-WCQNQ,0,0.09658940159370255
5050,7103-IPXPJ,0,0.2802321752049585
2544,3640-PHQXK,0,0.42408909009588547
6427,9101-NTIXF,0,0.21007521926842057
1698,2475-MROZF,0,0.24643381665863287
5972,8414-MYSHR,1,0.7115483324547168
4317,6087-YPWHO,0,0.005236813851020331
1713,2495-TTHBQ,0,0.08888987747510228
6343,8982-NHAVY,0,0.23057333978489108
2295,3280-MRDOF,0,0.05653706928603495
1506,2209-XADXF,1,0.5604734258104881
2493,3569-EDBPQ,0,0.3574869844792275
5437,7654-YWJUF,0,0.16591526619494215
1745,2542-HYGIQ,0,0.27222297251432187
4320,6094-ZIVKX,0,0.08448271305876062
2449,3508-VLHCZ,0,0.006680008052905046
1435,2115-BFTIW,0,0.32520833541998084
1293,1925-TIBLE,1,0.7024688959710383
5202,7319-ZNRTR,0,0.06194318053190103
133,0224-RLWWD,1,0.6263003052991061
3203,4588-YBNIB,0,0.32120122753962266
1512,2223-GDSHL,0,0.06889570468945819
4911,6910-HADCM,1,0.7997820008339656
626,0921-OHLVP,1,0.5081579123528323
6238,8819-WFGGJ,0,0.03304145216706066
2173,3106-ULWFW,1,0.5803331568984345
6364,9018-PCIOK,0,0.05835428652530199
4406,6211-WWLTF,0,0.06413804077740612
1850,2684-EIWEO,0,0.30569432525491763
5992,8450-UYIBU,0,0.3034920630461232
4826,6791-YBNAK,0,0.2543993121277284
2276,3254-YRILK,1,0.5789689989768493
3290,4698-KVLLG,0,0.029847700732860086
5398,7608-RGIRO,0,0.0062617622827763186
6034,8547-NSBBO,0,0.26823613035515115
5144,7241-AJHFS,0,0.20906125630252126
5672,7995-ZHHNZ,0,0.08526047374234695
3305,4710-NKCAW,0,0.28137965729122993
4635,6542-LWGXJ,0,0.44375345963677293
1114,1626-ERCMM,1,0.6106501812599114
6494,9208-OLGAQ,1,0.5777407448569595
3054,4369-NYSCF,0,0.11329199282165207
1877,2722-VOJQL,0,0.1351039537255263
2577,3682-YEUWS,0,0.07581197681862745
3539,5018-HEKFO,0,0.07581197681862745
547,0810-BDHAW,0,0.15547072211511576
2679,3803-KMQFW,0,0.3155226982275085
1009,1455-UGQVH,1,0.7070109797318015
5388,7601-DHFWZ,0,0.01494096733045926
2608,3719-TDVQB,0,0.03142385380968685
706,1042-HFUCW,0,0.11606289444664203
5530,7786-WBJYI,1,0.6647238471273552
2107,3023-GFLBR,0,0.3131212911876214
5478,7711-GQBZC,0,0.008362333886621234
1421,2091-MJTFX,0,0.1769567986485498
3420,4847-QNOKA,1,0.5302989969632247
5845,8220-OCUFY,0,0.13899952618676742
1637,2379-ENZGV,1,0.6986775393841927
4077,5759-RCVCB,1,0.5108663904727259
129,0221-WMXNQ,1,0.5292740801794131
6761,9600-UDOPK,0,0.33547452067162836
3637,5148-ORICT,0,0.019510053784234763
4424,6235-VDHOM,0,0.4770911499173537
1838,2674-MIAHT,1,0.5855586824066321
2183,3129-AAQOU,0,0.013175204834188308
5,0013-MHZWF,0,0.285548683036452
4164,5887-IKKYO,0,0.10498765181504621
6849,9732-EQMWY,1,0.5400930493842961
5922,8337-MSSXB,1,0.6366420531116345
404,0602-DDUML,0,0.025829273585009065
6265,8868-WOZGU,1,0.5378585165016092
2238,3197-NNYNB,0,0.12080110746069836
3141,4508-OEBEY,0,0.11843192128790254
5955,8397-MVTAZ,1,0.5262066435392213
6332,8966-SNIZF,0,0.01972516697002163
4617,6508-NJYRO,0,0.047401135838356805
3573,5062-CJJKH,0,0.10760714617864402
5443,7663-RGWBC,1,0.5374697850545254
2235,3195-TQDZX,0,0.2552701927164683
4003,5649-ANRML,1,0.538541891650292
5699,8033-ATFAS,0,0.12992109955145084
6877,9770-KXGQU,0,0.18213305313009617
428,0623-IIHUG,0,0.26233246082155715
3209,4598-ZADCK,0,0.10969453425322477
2174,3108-PCCGG,0,0.04471782063819465
4811,6769-DYBQN,0,0.38301809520131486
921,1337-BOZWO,0,0.17142988055188585
5624,7925-PNRGI,0,0.09298846600354597
1202,1768-HNVGJ,0,0.1892117028562552
1945,2823-LKABH,0,0.3102446976991564
5136,7233-IOQNP,0,0.144041068906949
1883,2731-GJRDG,0,0.2679510332441843
3097,4441-NIHPT,1,0.6290473243197582
2727,3882-IYOIJ,0,0.11697215947403013
6042,8563-IIOXK,0,0.2283032702820287
836,1217-VASWC,0,0.255677654860135
4573,6447-EGDIV,0,0.02147362176447
6585,9361-YNQWJ,0,0.024184252146030767
3071,4393-RYCRE,0,0.30534717348834844
1097,1597-FZREH,0,0.39860007807921005
6441,9117-SHLZX,1,0.5640327028092664
5985,8441-SHIPE,0,0.011295958452595107
2452,3511-BFTJW,0,0.03793761029477418
983,1428-GTBJJ,1,0.5775403487556962
